0,1
10.5281/zenodo.13919,"[{'name': 'Campus TV', 'affiliation': 'Mannheim University'}]"
10.5281/zenodo.10144428,"[{'name': 'Schmidt, Thomas', 'affiliation': 'University of Mannheim', 'orcid': '0000-0003-3620-3355'}, {'name': 'Kamlah, Jan', 'affiliation': 'University of Mannheim', 'orcid': '0000-0002-0417-7562'}, {'name': 'Weil, Stefan', 'affiliation': 'University of Mannheim', 'orcid': '0000-0002-0524-9898'}, {'name': 'Shigapov, Renat', 'affiliation': 'University of Mannheim', 'orcid': '0000-0002-0331-2558'}]"
10.5281/zenodo.1320159,"[{'name': 'Cochez, Michael', 'affiliation': 'Fraunhofer FIT', 'orcid': '0000-0001-5726-4638'}, {'name': 'Ristoski, Petar', 'affiliation': 'University of Mannheim'}, {'name': 'Ponzetto, Simone Paulo', 'affiliation': 'University of Mannheim'}, {'name': 'Paulheim, Heiko', 'affiliation': 'University of Mannheim'}]"
10.5281/zenodo.1320030,"[{'name': 'Cochez, Michael', 'affiliation': 'Fraunhofer FIT', 'orcid': '0000-0001-5726-4638'}, {'name': 'Ristoski, Petar', 'affiliation': 'University of Mannheim'}, {'name': 'Ponzetto, Simone Paulo', 'affiliation': 'University of Mannheim'}, {'name': 'Paulheim, Heiko', 'affiliation': 'University of Mannheim'}]"
10.5281/zenodo.1320165,"[{'name': 'Cochez, Michael', 'affiliation': 'Fraunhofer FIT', 'orcid': '0000-0001-5726-4638'}, {'name': 'Ristoski, Petar', 'affiliation': 'University of Mannheim'}, {'name': 'Ponzetto, Simone Paulo', 'affiliation': 'University of Mannheim'}, {'name': 'Paulheim, Heiko', 'affiliation': 'University of Mannheim'}]"
10.5281/zenodo.1320042,"[{'name': 'Cochez, Michael', 'affiliation': 'Fraunhofer FIT', 'orcid': '0000-0001-5726-4638'}, {'name': 'Ristoski, Petar', 'affiliation': 'University of Mannheim'}, {'name': 'Ponzetto, Simone Paulo', 'affiliation': 'University of Mannheim'}, {'name': 'Paulheim, Heiko', 'affiliation': 'University of Mannheim'}]"
10.5281/zenodo.1318146,"[{'name': 'Cochez, Michael', 'affiliation': 'Fraunhofer FIT', 'orcid': '0000-0001-5726-4638'}, {'name': 'Ristoski, Petar', 'affiliation': 'University of Mannheim'}, {'name': 'Ponzetto, Simone Paulo', 'affiliation': 'University of Mannheim'}, {'name': 'Paulheim, Heiko', 'affiliation': 'University of Mannheim'}]"
10.5281/zenodo.1320032,"[{'name': 'Cochez, Michael', 'affiliation': 'Fraunhofer FIT', 'orcid': '0000-0001-5726-4638'}, {'name': 'Ristoski, Petar', 'affiliation': 'University of Mannheim'}, {'name': 'Ponzetto, Simone Paulo', 'affiliation': 'University of Mannheim'}, {'name': 'Paulheim, Heiko', 'affiliation': 'University of Mannheim'}]"
10.5281/zenodo.3946462,"[{'name': 'Lüdemann, Niklas', 'affiliation': 'University of Mannheim'}, {'name': 'Shiba, Ageda', 'affiliation': 'University of Mannheim'}, {'name': 'Thymianis, Nikolaos', 'affiliation': 'University of Mannheim'}, {'name': 'Heist, Nicolas', 'affiliation': 'University of Mannheim', 'orcid': '0000-0002-4354-9138'}, {'name': 'Ludwig, Christopher', 'affiliation': 'Zentrum für Europäische Wirtschaftsforschung'}, {'name': 'Paulheim, Heiko', 'affiliation': 'University of Mannheim', 'orcid': '0000-0003-4386-8195'}]"
10.5281/zenodo.8422037,"[{'name': 'Korini, Keti', 'affiliation': 'University of Mannheim', 'orcid': '0000-0002-2158-0070'}, {'name': 'Peeters, Ralph', 'affiliation': 'University of Mannheim', 'orcid': '0000-0003-3174-2616'}, {'name': 'Bizer, Christian', 'affiliation': 'University of Mannheim', 'orcid': '0000-0003-2367-0237'}]"
10.5281/zenodo.6962676,"[{'name': 'Kessel, Marcus', 'affiliation': 'University of Mannheim', 'orcid': '0000-0003-3088-2166'}, {'name': 'Atkinson, Colin', 'affiliation': 'University of Mannheim'}]"
10.5281/zenodo.7777506,"[{'name': 'Moritz Appels', 'affiliation': 'University of Mannheim', 'orcid': '0000-0002-5015-8004'}, {'name': 'Marc Kowalzick', 'affiliation': 'University of Mannheim', 'orcid': '0000-0002-7522-2359'}]"
10.5281/zenodo.6509715,"[{'name': 'Portisch, Jan', 'affiliation': 'University of Mannheim', 'orcid': '0000-0001-5420-0663'}, {'name': 'Paulheim, Heiko', 'affiliation': 'University of Mannheim', 'orcid': '0000-0003-4386-8195'}]"
10.5281/zenodo.1320081,"[{'name': 'Cochez, Michael', 'affiliation': 'Fraunhofer FIT', 'orcid': '0000-0001-5726-4638'}, {'name': 'Ristoski, Petar', 'affiliation': 'University of Mannheim'}, {'name': 'Ponzetto, Simone Paulo', 'affiliation': 'University of Mannheim'}, {'name': 'Paulheim, Heiko', 'affiliation': 'University of Mannheim'}]"
10.5281/zenodo.1320810,"[{'name': 'Cochez, Michael', 'affiliation': 'Fraunhofer FIT', 'orcid': '0000-0001-5726-4638'}, {'name': 'Ristoski, Petar', 'affiliation': 'University of Mannheim'}, {'name': 'Ponzetto, Simone Paulo', 'affiliation': 'University of Mannheim'}, {'name': 'Paulheim, Heiko', 'affiliation': 'University of Mannheim'}]"
10.5281/zenodo.1320150,"[{'name': 'Cochez, Michael', 'affiliation': 'Fraunhofer FIT', 'orcid': '0000-0001-5726-4638'}, {'name': 'Ristoski, Petar', 'affiliation': 'University of Mannheim'}, {'name': 'Ponzetto, Simone Paulo', 'affiliation': 'University of Mannheim'}, {'name': 'Paulheim, Heiko', 'affiliation': 'University of Mannheim'}]"
10.5281/zenodo.1320154,"[{'name': 'Cochez, Michael', 'affiliation': 'Fraunhofer FIT', 'orcid': '0000-0001-5726-4638'}, {'name': 'Ristoski, Petar', 'affiliation': 'University of Mannheim'}, {'name': 'Ponzetto, Simone Paulo', 'affiliation': 'University of Mannheim'}, {'name': 'Paulheim, Heiko', 'affiliation': 'University of Mannheim'}]"
10.5281/zenodo.1320211,"[{'name': 'Cochez, Michael', 'affiliation': 'Fraunhofer FIT', 'orcid': '0000-0001-5726-4638'}, {'name': 'Ristoski, Petar', 'affiliation': 'University of Mannheim'}, {'name': 'Ponzetto, Simone Paulo', 'affiliation': 'University of Mannheim'}, {'name': 'Paulheim, Heiko', 'affiliation': 'University of Mannheim'}]"
10.5281/zenodo.1320148,"[{'name': 'Cochez, Michael', 'affiliation': 'Fraunhofer FIT', 'orcid': '0000-0001-5726-4638'}, {'name': 'Ristoski, Petar', 'affiliation': 'University of Mannheim'}, {'name': 'Ponzetto, Simone Paulo', 'affiliation': 'University of Mannheim'}, {'name': 'Paulheim, Heiko', 'affiliation': 'University of Mannheim'}]"
10.5281/zenodo.1320001,"[{'name': 'Cochez, Michael', 'affiliation': 'Fraunhofer FIT', 'orcid': '0000-0001-5726-4638'}, {'name': 'Ristoski, Petar', 'affiliation': 'University of Mannheim'}, {'name': 'Ponzetto, Simone Paulo', 'affiliation': 'University of Mannheim'}, {'name': 'Paulheim, Heiko', 'affiliation': 'University of Mannheim'}]"
10.5281/zenodo.1320005,"[{'name': 'Cochez, Michael', 'affiliation': 'Fraunhofer FIT', 'orcid': '0000-0001-5726-4638'}, {'name': 'Ristoski, Petar', 'affiliation': 'University of Mannheim'}, {'name': 'Ponzetto, Simone Paulo', 'affiliation': 'University of Mannheim'}, {'name': 'Paulheim, Heiko', 'affiliation': 'University of Mannheim'}]"
10.5281/zenodo.1320015,"[{'name': 'Cochez, Michael', 'affiliation': 'Fraunhofer FIT', 'orcid': '0000-0001-5726-4638'}, {'name': 'Ristoski, Petar', 'affiliation': 'University of Mannheim'}, {'name': 'Ponzetto, Simone Paulo', 'affiliation': 'University of Mannheim'}, {'name': 'Paulheim, Heiko', 'affiliation': 'University of Mannheim'}]"
10.5281/zenodo.2017356,"[{'name': 'Cochez, Michael', 'affiliation': 'Fraunhofer FIT', 'orcid': '0000-0001-5726-4638'}, {'name': 'Ristoski, Petar', 'affiliation': 'University of Mannheim'}, {'name': 'Ponzetto, Simone Paulo', 'affiliation': 'University of Mannheim'}, {'name': 'Paulheim, Heiko', 'affiliation': 'University of Mannheim'}]"
10.5281/zenodo.1320028,"[{'name': 'Cochez, Michael', 'affiliation': 'Fraunhofer FIT', 'orcid': '0000-0001-5726-4638'}, {'name': 'Ristoski, Petar', 'affiliation': 'University of Mannheim'}, {'name': 'Ponzetto, Simone Paulo', 'affiliation': 'University of Mannheim'}, {'name': 'Paulheim, Heiko', 'affiliation': 'University of Mannheim'}]"
10.5281/zenodo.1320152,"[{'name': 'Cochez, Michael', 'affiliation': 'Fraunhofer FIT', 'orcid': '0000-0001-5726-4638'}, {'name': 'Ristoski, Petar', 'affiliation': 'University of Mannheim'}, {'name': 'Ponzetto, Simone Paulo', 'affiliation': 'University of Mannheim'}, {'name': 'Paulheim, Heiko', 'affiliation': 'University of Mannheim'}]"
10.5281/zenodo.1320038,"[{'name': 'Cochez, Michael', 'affiliation': 'Fraunhofer FIT', 'orcid': '0000-0001-5726-4638'}, {'name': 'Ristoski, Petar', 'affiliation': 'University of Mannheim'}, {'name': 'Ponzetto, Simone Paulo', 'affiliation': 'University of Mannheim'}, {'name': 'Paulheim, Heiko', 'affiliation': 'University of Mannheim'}]"
10.5281/zenodo.1320007,"[{'name': 'Cochez, Michael', 'affiliation': 'Fraunhofer FIT', 'orcid': '0000-0001-5726-4638'}, {'name': 'Ristoski, Petar', 'affiliation': 'University of Mannheim'}, {'name': 'Ponzetto, Simone Paulo', 'affiliation': 'University of Mannheim'}, {'name': 'Paulheim, Heiko', 'affiliation': 'University of Mannheim'}]"
10.5281/zenodo.1320013,"[{'name': 'Cochez, Michael', 'affiliation': 'Fraunhofer FIT', 'orcid': '0000-0001-5726-4638'}, {'name': 'Ristoski, Petar', 'affiliation': 'University of Mannheim'}, {'name': 'Ponzetto, Simone Paulo', 'affiliation': 'University of Mannheim'}, {'name': 'Paulheim, Heiko', 'affiliation': 'University of Mannheim'}]"
10.5281/zenodo.1320018,"[{'name': 'Cochez, Michael', 'affiliation': 'Fraunhofer FIT', 'orcid': '0000-0001-5726-4638'}, {'name': 'Ristoski, Petar', 'affiliation': 'University of Mannheim'}, {'name': 'Ponzetto, Simone', 'affiliation': 'University of Mannheim'}, {'name': 'Paulheim, Heiko', 'affiliation': 'University of Mannheim'}]"
10.5281/zenodo.1320169,"[{'name': 'Cochez, Michael', 'affiliation': 'Fraunhofer FIT', 'orcid': '0000-0001-5726-4638'}, {'name': 'Ristoski, Petar', 'affiliation': 'University of Mannheim'}, {'name': 'Ponzetto, Simone Paulo', 'affiliation': 'University of Mannheim'}, {'name': 'Paulheim, Heiko', 'affiliation': 'University of Mannheim'}]"
10.5281/zenodo.1320167,"[{'name': 'Cochez, Michael', 'affiliation': 'Fraunhofer FIT', 'orcid': '0000-0001-5726-4638'}, {'name': 'Ristoski, Petar', 'affiliation': 'University of Mannheim'}, {'name': 'Ponzetto, Simone Paulo', 'affiliation': 'University of Mannheim'}, {'name': 'Paulheim, Heiko', 'affiliation': 'University of Mannheim'}]"
10.5281/zenodo.3479126,"[{'name': 'Heist, Nicolas', 'affiliation': 'University of Mannheim', 'orcid': '0000-0002-4354-9138'}, {'name': 'Paulheim, Heiko', 'affiliation': 'University of Mannheim', 'orcid': '0000-0003-4386-8195'}]"
10.5281/zenodo.3482775,"[{'name': 'Heist, Nicolas', 'affiliation': 'University of Mannheim', 'orcid': '0000-0002-4354-9138'}, {'name': 'Paulheim, Heiko', 'affiliation': 'University of Mannheim', 'orcid': '0000-0003-4386-8195'}]"
10.5281/zenodo.8068322,"[{'name': 'Heist, Nicolas', 'affiliation': 'University of Mannheim', 'orcid': '0000-0002-4354-9138'}, {'name': 'Paulheim, Heiko', 'affiliation': 'University of Mannheim', 'orcid': '0000-0003-4386-8195'}]"
10.5281/zenodo.8208246,"[{'name': 'Marcus Kessel', 'affiliation': 'University of Mannheim'}, {'name': 'Colin Atkinson', 'affiliation': 'University of Mannheim'}]"
10.5281/zenodo.7817022,"[{'name': 'Herting,Sven', 'affiliation': 'University of Mannheim', 'orcid': '0000-0003-0333-5888'}, {'name': 'Paulheim,Heiko', 'affiliation': 'University of Mannheim', 'orcid': '0000-0003-4386-8195'}]"
10.5281/zenodo.6039372,"[{'name': 'Andreea Iana', 'affiliation': 'University of Mannheim', 'orcid': '0000-0002-7248-7503'}, {'name': 'Alexander Grote', 'affiliation': 'Karlsruhe Institute of Technology'}, {'name': 'Kaharina Ludwig', 'affiliation': 'University of Mannheim'}, {'name': 'Mehwish Alam', 'affiliation': 'Karlsruhe Institute of Technology'}, {'name': 'Philipp Müller', 'affiliation': 'University of Mannheim'}, {'name': 'Christof Weinhardt', 'affiliation': 'Karlsruhe Institute of Technology'}, {'name': 'Harald Sack', 'affiliation': 'Karlsruhe Institute of Technology'}, {'name': 'Heiko Paulheim', 'affiliation': 'University of Mannheim', 'orcid': '0000-0003-4386-8195'}]"
10.5281/zenodo.1174041,"[{'name': 'Alexander Panchenko', 'affiliation': 'University of Hamburg'}, {'name': 'Dmitry Ustalov', 'affiliation': 'University of Mannheim'}, {'name': 'Stefano Faralli', 'affiliation': 'University of Mannheim'}, {'name': 'Simone P. Ponzetto', 'affiliation': 'University of Mannheim'}, {'name': 'Chris Biemann', 'affiliation': 'University of Hamburg'}]"
10.5281/zenodo.485151,"[{'name': 'Panchenko, Alexander', 'affiliation': 'Universität Hamburg'}, {'name': 'Ruppert, Eugen', 'affiliation': 'Universität Hamburg'}, {'name': 'Faralli, Stefano', 'affiliation': 'University of Mannheim'}, {'name': 'Ponzetto, Simone Paolo', 'affiliation': 'University of Mannheim'}, {'name': 'Biemann, Chris', 'affiliation': 'Universität Hamburg'}]"
10.5281/zenodo.7908392,"[{'name': 'Iana, Andreea', 'affiliation': 'University of Mannheim', 'orcid': '0000-0002-7248-7503'}, {'name': 'Alam, Mehwish', 'affiliation': 'Télécom Paris, Institute Polytechique de Paris', 'orcid': '0000-0002-7867-6612'}, {'name': 'Grote, Alexander', 'affiliation': 'Karlsruhe Institute of Technology'}, {'name': 'Nikolajevic, Nevena', 'affiliation': 'Karlsruhe Institute of Technology'}, {'name': 'Ludwig, Katharina', 'affiliation': 'University of Mannheim'}, {'name': 'Müller, Philipp', 'affiliation': 'University of Mannheim'}, {'name': 'Weinhardt, Christof', 'affiliation': 'Karlsruhe Institute of Technology'}, {'name': 'Paulheim, Heiko', 'affiliation': 'University of Mannheim', 'orcid': '0000-0003-4386-8195'}]"
10.5281/zenodo.838981,"[{'name': 'Daniel Heck', 'affiliation': 'University of Mannheim'}]"
10.5281/zenodo.3247311,"[{'name': 'Shevchenko Yury', 'affiliation': 'University of Mannheim', 'orcid': '0000-0002-3397-8465'}]"
10.5281/zenodo.838978,"[{'name': 'Daniel Heck', 'affiliation': 'University of Mannheim'}]"
10.5281/zenodo.4644590,"[{'name': 'JKHoehne', 'affiliation': None}, {'name': 'Konstantin Gavras', 'affiliation': 'University of Mannheim'}]"
10.5281/zenodo.7097560,"[{'name': 'Cosima Meyer', 'affiliation': None}, {'name': 'Dennis Hammerschmidt', 'affiliation': 'University of Mannheim'}]"
10.5281/zenodo.4280543,"[{'name': 'Konstantin Gavras', 'affiliation': 'University of Mannheim'}, {'name': 'JKHoehne', 'affiliation': None}]"
10.5281/zenodo.2621579,"[{'name': 'Ustalov, Dmitry', 'affiliation': 'University of Mannheim', 'orcid': '0000-0002-9979-2188'}, {'name': 'Panchenko, Alexander', 'affiliation': 'University of Hamburg', 'orcid': '0000-0001-6097-6118'}, {'name': 'Biemann, Chris', 'affiliation': 'University of Hamburg'}, {'name': 'Ponzetto, Simone Paolo', 'affiliation': 'University of Mannheim'}]"
10.5281/zenodo.1117228,"[{'name': 'Ustalov, Dmitry', 'affiliation': 'University of Mannheim', 'orcid': '0000-0002-9979-2188'}]"
10.5281/zenodo.5862646,"[{'name': 'Kristian Kolthoff', 'affiliation': 'University of Mannheim'}]"
10.5281/zenodo.10405073,"[{'name': 'Shigapov, Renat', 'affiliation': 'University of Mannheim', 'orcid': '0000-0002-0331-2558'}]"
10.5061/dryad.j3tx95x8x,"[{'name': 'Balietti, Stefano', 'affiliation': 'University of Mannheim', 'orcid': '0000-0002-6056-6765'}, {'name': 'Riedl, Christoph', 'affiliation': 'Northeastern University', 'orcid': '0000-0002-3807-6364'}]"
10.5281/zenodo.10794394,"[{'name': 'Henninger, Felix', 'affiliation': 'University of Koblenz-Landau', 'orcid': '0000-0002-7730-9511'}, {'name': 'Shevchenko, Yury', 'affiliation': 'University of Mannheim'}, {'name': 'Mertens, Ulf', 'affiliation': 'University of Heidelberg'}, {'name': 'Kieslich, Pascal J.', 'affiliation': 'University of Mannheim', 'orcid': '0000-0002-0853-9364'}, {'name': 'Hilbig, Benjamin E.', 'affiliation': 'University of Koblenz-Landau'}]"
10.5281/zenodo.3905332,"[{'name': 'Chung-hong Chan', 'affiliation': 'MZES, University of Mannheim'}]"
10.5281/zenodo.3899860,"[{'name': 'Chung-hong Chan', 'affiliation': 'MZES, University of Mannheim'}]"
10.5281/zenodo.4016596,"[{'name': 'Chung-hong Chan', 'affiliation': 'MZES, University of Mannheim'}]"
10.5281/zenodo.3904902,"[{'name': 'Chung-hong Chan', 'affiliation': 'MZES, University of Mannheim'}]"
10.5281/zenodo.1067701,"[{'name': 'Bräuninger, Thomas', 'affiliation': 'University of Mannheim', 'orcid': '0000-0003-2767-717X'}, {'name': 'Debus, Marc', 'affiliation': 'University of Mannheim', 'orcid': '0000-0002-7151-7942'}, {'name': 'Benoit, Kenneth', 'affiliation': 'London School of Economics and Political Science', 'orcid': '0000-0002-0797-564X'}, {'name': 'Bernauer, Julian', 'affiliation': 'Mannheim Centre for European Social Research'}, {'name': 'Polidoc.net Team', 'affiliation': None}]"
10.5281/zenodo.6940608,"[{'name': 'Antoine Camous', 'affiliation': 'University of Mannheim', 'orcid': '0000-0002-1300-6810'}, {'name': 'Dmitry Matveev', 'affiliation': 'Bank of Canada', 'orcid': '0000-0001-8004-4617'}]"
10.5281/zenodo.2583247,"[{'name': 'Philipp Zumstein', 'affiliation': 'Mannheim University Library', 'orcid': '0000-0002-6485-9434'}]"
10.5281/zenodo.10213835,"[{'name': 'Jonas Cordes', 'affiliation': 'Mannheim University of Applied Sciences'}]"
10.5281/zenodo.8171106,"[{'name': 'Jonas Cordes', 'affiliation': 'Mannheim University of Applied Sciences'}]"
10.5281/zenodo.6798690,"[{'name': 'Paul C. Bauer', 'affiliation': 'Mannheim Centre for European Social Research'}, {'name': 'Camille Landesvatter', 'affiliation': 'Mannheim Centre for European Social Research'}, {'name': 'Lion Behrens', 'affiliation': 'University of Mannheim'}, {'name': 'Markus Konrad', 'affiliation': None}, {'name': 'Chung-hong Chan', 'affiliation': 'MZES, University of Mannheim'}, {'name': 'Ondrej Pekacek', 'affiliation': 'Faculty of Social Sciences, Charles University'}, {'name': 'dlajic', 'affiliation': None}, {'name': 'BernhardClemm', 'affiliation': 'European University Institute'}, {'name': 'KaMaPh', 'affiliation': None}, {'name': 'Pirmin Stöckle', 'affiliation': None}, {'name': 'Lukas Isermann', 'affiliation': None}]"
10.5281/zenodo.7776093,"[{'name': 'Ganglmair, Bernhard', 'affiliation': 'University of Mannheim', 'orcid': '0000-0002-3821-2813'}, {'name': 'Robinson, W. Keith', 'affiliation': 'Wake Forest University', 'orcid': '0000-0002-2522-6167'}, {'name': 'Seeligson, Michael', 'affiliation': 'Southern Methodist University'}]"
10.5281/zenodo.6395308,"[{'name': 'Ganglmair, Bernhard', 'affiliation': 'University of Mannheim', 'orcid': '0000-0002-3821-2813'}, {'name': 'Robinson, W. Keith', 'affiliation': 'Wake Forest University', 'orcid': '0000-0002-2522-6167'}, {'name': 'Seeligson, Michael', 'affiliation': 'Southern Methodist University'}]"
10.5281/zenodo.8171111,"[{'name': 'Jonas Cordes', 'affiliation': 'Mannheim University of Applied Sciences'}]"
10.5281/zenodo.10581515,"[{'name': 'Jonas Cordes', 'affiliation': 'Mannheim University of Applied Sciences'}]"
10.5281/zenodo.5808870,"[{'name': 'Wiese, Heike', 'affiliation': 'Humboldt-Universität zu Berlin'}, {'name': 'Alexiadou, Artemis', 'affiliation': 'Humboldt-Universität zu Berlin'}, {'name': 'Allen, Shanley', 'affiliation': 'TU Kaiserslautern'}, {'name': 'Bunk, Oliver', 'affiliation': 'Humboldt-Universität zu Berlin'}, {'name': 'Gagarina, Natalia', 'affiliation': 'Leibniz-Zentrum Allgemeine Sprachwissenschaft'}, {'name': 'Iefremenko, Kateryna', 'affiliation': 'Universität Potsdam'}, {'name': 'Jahns, Esther', 'affiliation': 'Humboldt-Universität zu Berlin'}, {'name': 'Klotz, Martin', 'affiliation': 'Humboldt-Universität zu Berlin'}, {'name': 'Krause, Thomas', 'affiliation': 'Humboldt-Universität zu Berlin', 'orcid': '0000-0003-3731-2422'}, {'name': 'Labrenz, Annika', 'affiliation': 'Humboldt-Universität zu Berlin'}, {'name': 'Lüdeling, Anke', 'affiliation': 'Humboldt-Universität zu Berlin'}, {'name': 'Martynova, Maria', 'affiliation': 'Humboldt-Universität zu Berlin'}, {'name': 'Neuhaus, Katrin', 'affiliation': 'Universität Potsdam'}, {'name': 'Pashkova, Tatiana', 'affiliation': 'TU Kaiserslautern'}, {'name': 'Rizou, Vicky', 'affiliation': 'Humboldt-Universität zu Berlin'}, {'name': 'Rosemarie, Tracy', 'affiliation': 'Universität Mannheim'}, {'name': 'Schroeder, Christoph', 'affiliation': 'Universität Potsdam'}, {'name': 'Szucsich, Luka', 'affiliation': 'Humboldt-Universität zu Berlin'}, {'name': 'Tsehaye, Wintai', 'affiliation': 'Universität Mannheim'}, {'name': 'Zerbian, Sabine', 'affiliation': 'Universität Stuttgart'}, {'name': 'Zuban, Yulia', 'affiliation': 'Universität Stuttgart'}]"
10.5281/zenodo.4026589,"[{'name': 'Chung-hong Chan', 'affiliation': 'MZES, University of Mannheim'}, {'name': 'Chiayi Yen', 'affiliation': 'R-Ladies Taipei, Mannheim Business School'}, {'name': 'Mia // Huai-Wen Chang', 'affiliation': None}]"
10.5281/zenodo.6119379,"[{'name': 'Christopher Barrie', 'affiliation': 'University of Edinburgh'}, {'name': 'Justin Chun-ting Ho', 'affiliation': None}, {'name': 'Chung-hong Chan', 'affiliation': 'MZES, University of Mannheim'}, {'name': 'Michael DeWitt', 'affiliation': None}, {'name': 'Tim König', 'affiliation': None}, {'name': 'Noelia Rico', 'affiliation': 'University of Oviedo'}, {'name': 'Tom Davidson', 'affiliation': 'Rutgers University'}]"
10.5281/zenodo.7341310,"[{'name': 'Celina Kacperski', 'affiliation': 'University of Mannheim'}, {'name': 'Tobias Vogel', 'affiliation': 'Darmstadt University of Applied Sciences'}, {'name': 'Florian Kutzner', 'affiliation': 'Seeburg Castle University'}]"
10.5281/zenodo.7422629,"[{'name': 'Barbara Schmidt', 'affiliation': 'Jena University Hospital', 'orcid': '0000-0002-6828-5546'}, {'name': 'Justin Böhmer', 'affiliation': 'Charité Berlin', 'orcid': '0000-0003-3448-144X'}, {'name': 'Martin Schnürch', 'affiliation': 'University of Mannheim', 'orcid': '0000-0001-6531-2265'}, {'name': 'Tobias Koch', 'affiliation': 'University of Jena', 'orcid': '0000-0002-8143-3566'}, {'name': 'Sebastian Michelmann', 'affiliation': 'Princeton University', 'orcid': '0000-0002-5717-586X'}]"
10.5281/zenodo.7506459,"[{'name': 'Ager, Philipp', 'affiliation': 'University of Mannheim'}, {'name': 'Feigenbaum, James', 'affiliation': 'Boston University', 'orcid': '0000-0002-1625-2021'}, {'name': 'Hansen, Casper Worm', 'affiliation': 'University of Copenhagen'}, {'name': 'Tan, Hui Ren', 'affiliation': 'National University of Singapore'}, {'name': 'Williamson, Danielle', 'affiliation': 'Boston University'}]"
10.5281/zenodo.5156518,"[{'name': 'Florian Pfisterer', 'affiliation': 'LMU Munich', 'orcid': '0000-0001-8867-762X'}, {'name': 'Christoph Kern', 'affiliation': 'University of Mannheim', 'orcid': '0000-0001-7363-4299'}, {'name': 'Susanne Dandl', 'affiliation': 'LMU Munich', 'orcid': '0000-0003-4324-4163'}, {'name': 'Mathew Sun', 'affiliation': 'Princeton University'}, {'name': 'Michael P. Kim', 'affiliation': 'UC Berkely'}, {'name': 'Bernd Bischl', 'affiliation': 'LMU Munich', 'orcid': '0000-0001-6002-6980'}]"
10.5281/zenodo.6226207,"[{'name': 'Gsottbauer, Elisabeth', 'affiliation': 'University of Innsbruck'}, {'name': 'Müller, Daniel', 'affiliation': 'University of Munich'}, {'name': 'Müller, Samuel', 'affiliation': 'University of Mannheim'}, {'name': 'Trautmann, Stefan T.', 'affiliation': 'University of Heidelberg'}, {'name': 'Zudenkova, Galina', 'affiliation': 'TU Dortmund'}]"
10.5281/zenodo.7675783,"[{'name': 'Yixuan Gu', 'affiliation': 'University of Colorado Boulder'}, {'name': 'Daven K. Henze', 'affiliation': 'University of Colorado Boulder'}, {'name': 'M. Omar Nawaz', 'affiliation': 'University of Colorado Boulder'}, {'name': 'Hansen Cao', 'affiliation': 'University of York'}, {'name': 'Ulrich J. Wagner', 'affiliation': 'University of Mannheim'}]"
10.5281/zenodo.4159492,"[{'name': 'Hagen, Thora', 'affiliation': 'University of Würzburg'}, {'name': 'Ketzan, Erik', 'affiliation': 'University of Cologne'}, {'name': 'Jannidis, Fotis', 'affiliation': 'University of Würzburg'}, {'name': 'Witt, Andreas', 'affiliation': 'IDS Mannheim, University of Cologne'}]"
10.5281/zenodo.5518208,"[{'name': 'Ager, Philipp', 'affiliation': 'University of Mannheim & CEPR'}, {'name': 'Bursztyn, Leonardo', 'affiliation': 'University of Chicago & NBER'}, {'name': 'Leucht, Lukas', 'affiliation': 'UC Berkeley Haas School of Business'}, {'name': 'Voth, Hans-Joachim', 'affiliation': 'University of Zurich & CEPR'}]"
10.5281/zenodo.4554112,"[{'name': 'Hagen, Thora', 'affiliation': 'University of Würzburg'}, {'name': 'Ketzan, Erik', 'affiliation': 'University of Cologne'}, {'name': 'Jannidis, Fotis', 'affiliation': 'University of Würzburg'}, {'name': 'Witt, Andreas', 'affiliation': 'IDS Mannheim, University of Cologne'}]"
10.5281/zenodo.6327702,"[{'name': 'Claudio Zandonella Callegher', 'affiliation': 'Department of Developmental Psychology, University of Padua'}, {'name': 'Filippo Gambarota', 'affiliation': 'University of Padua'}, {'name': 'Mathew Ling', 'affiliation': None}, {'name': 'Emily Kothe', 'affiliation': None}, {'name': 'Ben Marwick', 'affiliation': 'University of Washington'}, {'name': 'Janosch Linkersdörfer', 'affiliation': 'University of California, San Diego'}, {'name': 'Chung-hong Chan', 'affiliation': 'MZES, University of Mannheim'}]"
10.5281/zenodo.4395092,"[{'name': 'Daniel Schmitz', 'affiliation': 'Theresienkrankenhaus und St. Hedwig-Klinik GmbH Mannheim,        University of Heidelberg Department of Gastroenterology, Oncology and Diabetology Bassermannstr. 1, 68165 Mannheim, Germany'}, {'name': 'Carlos Tortosa Valiente', 'affiliation': 'Theresienkrankenhaus und St. Hedwig-Klinik GmbH Mannheim,        University of Heidelberg Department of Gastroenterology, Oncology and Diabetology Bassermannstr. 1, 68165 Mannheim, Germany'}]"
10.5281/zenodo.7040492,"[{'name': 'Bruch, Roman', 'affiliation': 'Institute for Automation and Applied Informatics, Karlsruhe Institute of Technology, Eggenstein-Leopoldshafen, Germany'}, {'name': 'Keller, Florian', 'affiliation': 'Institute of Molecular and Cell Biology, Mannheim University of Applied Sciences, Mannheim, Germany'}, {'name': 'Böhland, Moritz', 'affiliation': 'Institute for Automation and Applied Informatics, Karlsruhe Institute of Technology, Eggenstein-Leopoldshafen, Germany'}, {'name': 'Vitacolonna, Mario', 'affiliation': 'Institute of Molecular and Cell Biology, Mannheim University of Applied Sciences, Mannheim, Germany'}, {'name': 'Klinger, Lukas', 'affiliation': 'Institute for Automation and Applied Informatics, Karlsruhe Institute of Technology, Eggenstein-Leopoldshafen, Germany'}, {'name': 'Rudolf, Rüdiger', 'affiliation': 'Institute of Molecular and Cell Biology, Mannheim University of Applied Sciences, Mannheim, Germany'}, {'name': 'Reischl, Markus', 'affiliation': 'Institute for Automation and Applied Informatics, Karlsruhe Institute of Technology, Eggenstein-Leopoldshafen, Germany'}]"
10.5061/dryad.02v6wwq50,"[{'name': 'Streit, Lisa', 'affiliation': 'University of Ulm'}, {'name': 'Kuhn, Timo', 'affiliation': 'University of Ulm'}, {'name': 'Vomhof, Thomas', 'affiliation': 'University of Ulm'}, {'name': 'Bopp, Verena', 'affiliation': 'University of Ulm'}, {'name': 'Ludolph, Albert C.', 'affiliation': 'University Hospital Ulm'}, {'name': 'Weishaupt, Jochen H.', 'affiliation': 'University of Mannheim'}, {'name': 'Gebhardt, J. Christof M.', 'affiliation': 'University of Ulm'}, {'name': 'Michaelis, Jens', 'affiliation': 'University of Ulm', 'orcid': '0000-0002-2739-4172'}, {'name': 'Danzer, Karin M.', 'affiliation': 'German Center for Neurodegenerative Diseases'}]"
10.5281/zenodo.3886884,"[{'name': 'Bruch Roman', 'affiliation': 'Institute of Molecular and Cell Biology, Mannheim University of Applied Sciences, Mannheim'}, {'name': 'Scheikl Paul M.', 'affiliation': 'Institute for Anthropomatics and Robotics (IAR), Karlsruhe Institute of Technology, Karlsruhe'}, {'name': 'Mikut Ralf', 'affiliation': 'Institute for Automation and Applied Informatics (IAI), Karlsruhe Institute of Technology, Karlsruhe'}, {'name': 'Loosli Felix', 'affiliation': 'Institute of Biological and Chemical Systems - Biological Information Processing (IBCS-BIP), Karlsruhe Institute of Technology, Karlsruhe'}, {'name': 'Reischl Markus', 'affiliation': 'Institute for Automation and Applied Informatics (IAI), Karlsruhe Institute of Technology, Karlsruhe'}]"
10.5281/zenodo.3885775,"[{'name': 'Bruch Roman', 'affiliation': 'Institute of Molecular and Cell Biology, Mannheim University of Applied Sciences, Mannheim'}, {'name': 'Scheikl Paul M.', 'affiliation': 'Institute for Anthropomatics and Robotics (IAR), Karlsruhe Institute of Technology, Karlsruhe'}, {'name': 'Mikut Ralf', 'affiliation': 'Institute for Automation and Applied Informatics (IAI), Karlsruhe Institute of Technology, Karlsruhe'}, {'name': 'Loosli Felix', 'affiliation': 'Institute of Biological and Chemical Systems - Biological Information Processing (IBCS-BIP), Karlsruhe Institute of Technology, Karlsruhe'}, {'name': 'Reischl Markus', 'affiliation': 'Institute for Automation and Applied Informatics (IAI), Karlsruhe Institute of Technology, Karlsruhe'}]"
10.5281/zenodo.8187356,"[{'name': 'Lucas Mösch', 'affiliation': 'Department of Anaesthesiology, Faculty of Medicine, RWTH Aachen University, Aachen, North Rhine-Westphalia, Germany'}, {'name': 'Janosch Kunczik', 'affiliation': 'Department of Anaesthesiology, Faculty of Medicine, RWTH Aachen University, Aachen, North Rhine-Westphalia, Germany'}, {'name': 'Lukas Breuer', 'affiliation': 'Department of Anaesthesiology, Faculty of Medicine, RWTH Aachen University, Aachen, North Rhine-Westphalia, Germany'}, {'name': 'Dorit Merhof', 'affiliation': 'Chair of Image Processing, Faculty of Computer and Data Science, Universität Regensburg, Regensburg, Bavaria, Germany'}, {'name': 'Peter Gass', 'affiliation': 'Research Group Animal Models in Psychiatry, Department of Psychiatry and Psychotherapy, Central Institute of Mental Health Mannheim, Medical Faculty Mannheim, University of Heidelberg, Heidelberg, Baden Württemberg, Germany'}, {'name': 'Heidrun Potschka', 'affiliation': 'Institute of Pharmacology, Toxicology, and Pharmacy, Ludwig-Maximilians-University, Munich, Bavaria, Germany'}, {'name': 'Dietmar Zechner', 'affiliation': 'Rudolf-Zenker-Institute of Experimental Surgery, University Medical Centre Rostock, Rostock,  Mecklenburg-Western Pomerania, Germany'}, {'name': 'Brigitte Vollmar', 'affiliation': 'Rudolf-Zenker-Institute of Experimental Surgery, University Medical Centre Rostock, Rostock,  Mecklenburg-Western Pomerania, Germany'}, {'name': 'René Tolba', 'affiliation': 'Institute of Laboratory Animal Science, Faculty of Medicine, RWTH Aachen University, Aachen, North Rhine-Westphalia, Germany'}, {'name': 'Christine Häger', 'affiliation': 'Institute for Laboratory Animal Science, Hannover Medical School, Hannover, Lower Saxony, Germany'}, {'name': 'André Bleich', 'affiliation': 'Institute for Laboratory Animal Science, Hannover Medical School, Hannover, Lower Saxony, Germany'}, {'name': 'Michael Czaplik', 'affiliation': 'Department of Anaesthesiology, Faculty of Medicine, RWTH Aachen University, Aachen, North Rhine-Westphalia, Germany'}, {'name': 'Carina Barbosa Pereira', 'affiliation': 'Department of Anaesthesiology, Faculty of Medicine, RWTH Aachen University, Aachen, North Rhine-Westphalia, Germany'}]"
10.5281/zenodo.8375191,"[{'name': 'Christopher  Groth', 'affiliation': 'Department of Immunobiochemistry, Mannheim Institute for Innate Immunoscience (MI3), Medical Faculty Mannheim, Heidelberg University, Mannheim, Germany'}, {'name': 'Jovana Maric', 'affiliation': 'Department of Immunobiochemistry, Mannheim Institute for Innate Immunoscience (MI3), Medical Faculty Mannheim, Heidelberg University, Mannheim, Germany'}, {'name': 'Irene Garcés Lázaro', 'affiliation': 'Department of Immunobiochemistry, Mannheim Institute for Innate Immunoscience (MI3), Medical Faculty Mannheim, Heidelberg University, Mannheim, Germany'}, {'name': 'Tomáš Hofman', 'affiliation': 'Department of Immunobiochemistry, Mannheim Institute for Innate Immunoscience (MI3), Medical Faculty Mannheim, Heidelberg University, Mannheim, Germany'}, {'name': 'Zhenfeng Zhang', 'affiliation': 'Department of Infectious Diseases, Molecular Virology, Heidelberg University'}, {'name': 'Yi Ni', 'affiliation': 'Department of Infectious Diseases, Molecular Virology, Heidelberg University'}, {'name': 'Franziska Keller', 'affiliation': 'Department of Medicine II (Gastroenterology, Hepatology, Endocrinology and Infectious Diseases), Faculty of Medicine, Medical Center-University of Freiburg, Freiburg, Germany'}, {'name': 'Isabelle Seufert', 'affiliation': 'Division of Chromatin Networks, German Cancer Research Center (DKFZ) and Bioquant, Heidelberg, Germany'}, {'name': 'Maike Hofmann', 'affiliation': 'Department of Medicine II (Gastroenterology, Hepatology, Endocrinology and Infectious Diseases), Faculty of Medicine, Medical Center-University of Freiburg, Freiburg, Germany'}, {'name': 'Christoph Neumann-Haefelin', 'affiliation': 'Department of Medicine II (Gastroenterology, Hepatology, Endocrinology and Infectious Diseases), Faculty of Medicine, Medical Center-University of Freiburg, Freiburg, Germany'}, {'name': 'Carsten Sticht', 'affiliation': 'Medical Research Center, Medical Faculty Mannheim, University of Heidelberg, Mannheim, Germany'}, {'name': 'Karsten Rippe', 'affiliation': 'Division of Chromatin Networks, German Cancer Research Center (DKFZ) and Bioquant, Heidelberg, Germany', 'orcid': '0000-0001-9951-9395'}, {'name': 'Stephan Urban', 'affiliation': 'Department of Infectious Diseases, Molecular Virology, Heidelberg University, Heidelberg, Germany'}, {'name': 'Adelheid Cerwenka', 'affiliation': 'Department of Immunobiochemistry, Mannheim Institute for Innate Immunoscience (MI3), Medical Faculty Mannheim, Heidelberg University, Mannheim, Germany'}]"
10.5281/zenodo.10579570,"[{'name': 'Nilearn contributors', 'affiliation': None}, {'name': 'Chamma, Ahmad', 'affiliation': 'Inria, Saclay, France', 'orcid': '0000-0003-0975-133X'}, {'name': 'Frau-Pascual, Aina', 'affiliation': None, 'orcid': '0000-0001-6311-8426'}, {'name': 'Rothberg, Alex', 'affiliation': 'Free Agency, New York, USA'}, {'name': 'Abadie, Alexandre', 'affiliation': 'Inria, Paris'}, {'name': 'Abraham, Alexandre', 'affiliation': 'Bazemont, Île-de-France, France', 'orcid': '0000-0003-3693-0560'}, {'name': 'Gramfort, Alexandre', 'affiliation': 'Meta, France', 'orcid': '0000-0001-9791-4404'}, {'name': 'Savio, Alexandre', 'affiliation': None}, {'name': 'Cionca, Alexandre', 'affiliation': 'Centre Hospitalier Universitaire Vaudoise, Lausanne, Switzerland', 'orcid': '0000-0002-1910-9650'}, {'name': 'Thual, Alexis', 'affiliation': 'Inria, Saclay, France'}, {'name': 'Kodibagkar, Alisha', 'affiliation': 'MIT McGovern Institute, Cambridge, Massachusetts, United States', 'orcid': '0000-0002-0951-242X'}, {'name': 'Kanaan, Amadeus', 'affiliation': None}, {'name': 'Pinho, Ana Luisa', 'affiliation': 'Western University, London, Ontario, Canada'}, {'name': 'Idrobo, Andrés Hoyos', 'affiliation': 'Rakuten, France'}, {'name': 'Kieslinger, Anne-Sophie', 'affiliation': 'Max Planck Institute for Human Cognitive and Brain Sciences, Leipzig, Germnay'}, {'name': 'Rokem, Ariel', 'affiliation': 'University of Washington, Psychology, Seattle, Washington, 98107, USA', 'orcid': '0000-0003-0679-1985'}, {'name': 'Mensch, Arthur', 'affiliation': None, 'orcid': '0000-0001-7866-0461'}, {'name': 'Vijayan, Aswin', 'affiliation': None}, {'name': 'Duran, Audrey', 'affiliation': 'TheraPanacea, France'}, {'name': 'Cipollini, Ben', 'affiliation': 'Facebook, Hayward, California, USA'}, {'name': 'Thirion, Bertrand', 'affiliation': 'Inria, Saclay, France', 'orcid': '0000-0001-5018-7895'}, {'name': 'Nguyen, Binh', 'affiliation': None}, {'name': 'Cakan, Caglar', 'affiliation': 'Technische Universität Berlin, Berlin, Germany', 'orcid': '0000-0002-1902-5393'}, {'name': 'Gorgolewski, Chris', 'affiliation': 'Google LLC', 'orcid': '0000-0003-3321-7583'}, {'name': 'Markiewicz, Chris', 'affiliation': 'Stanford University, Stanford, California, USA', 'orcid': '0000-0002-6533-164X'}, {'name': 'Horea, Christian', 'affiliation': 'Dartmouth College, PBS, Hanover, New Hampshire, USA', 'orcid': '0000-0001-7037-2449'}, {'name': 'Gerloff, Christian', 'affiliation': None}, {'name': 'Roßmanith, Christina', 'affiliation': 'Dept. of Neurology, Medical Faculty Mannheim, University of Heidelberg, Germany'}, {'name': 'Reininger, Colin', 'affiliation': 'Denver, Colorado, USA'}, {'name': 'Lane, Connor', 'affiliation': 'Child Mind Institute, Baltimore, MD, USA'}, {'name': 'Sy, Czarina', 'affiliation': None}, {'name': 'Delettre, Céline', 'affiliation': None}, {'name': 'Gale, Dan', 'affiliation': 'Centre for Neuroscience Studie, Queen University, Kingston, Ontario, Canada'}, {'name': 'Gomez, Daniel', 'affiliation': 'Cambridge, Massachusetts, USA'}, {'name': 'Bzdok, Danilo', 'affiliation': 'McGill University & Mila Quebec AI Institute, Montréal, Canada'}, {'name': 'Ellis, David G', 'affiliation': 'University of Nebraska Medical Center, Nebraska, USA'}, {'name': 'Wassermann, Demian', 'affiliation': 'Inria, Saclay, France', 'orcid': '0000-0001-5194-6056'}, {'name': 'Pisner, Derek', 'affiliation': 'St. Petersburg, FL', 'orcid': '0000-0002-1228-0201'}, {'name': 'Orfanos, Dimitri Papadopoulos', 'affiliation': 'NeuroSpin, CEA, Université Paris-Saclay, Gif-sur-Yvette, France', 'orcid': '0000-0002-1242-8990'}, {'name': 'DuPre, Elizabeth', 'affiliation': 'Stanford University, Stanford, California, USA', 'orcid': '0000-0003-1358-196X'}, {'name': 'Dohmatob, Elvis', 'affiliation': 'Facebook AI Research (FAIR)'}, {'name': 'Larson, Eric', 'affiliation': 'Institute for Learning and Brain Sciences, University of Washington, Washington, USA'}, {'name': 'Edmond, Evan', 'affiliation': 'University of Oxford, Oxford, UK', 'orcid': '0000-0003-4641-3583'}, {'name': 'Pedregosa, Fabian', 'affiliation': '@google, Geneva, Switzerland', 'orcid': '0000-0003-4025-3953'}, {'name': 'Liem, Franz', 'affiliation': None}, {'name': 'Paugam, François', 'affiliation': None, 'orcid': '0000-0002-8161-7699'}, {'name': 'Varoquaux, Gael', 'affiliation': 'Inria, Saclay, France', 'orcid': '0000-0003-1076-5122'}, {'name': 'Hollander, Gilles de', 'affiliation': 'Vrije Universiteit, Amsterdam, The Netherlands', 'orcid': '0000-0003-1988-5091'}, {'name': 'Kiar, Greg', 'affiliation': 'Child Mind Institute', 'orcid': '0000-0001-8915-496X'}, {'name': 'Gilmore, Greydon', 'affiliation': 'Department of Mathematics, Western University, Toronto, Canada', 'orcid': '0000-0001-7523-5734'}, {'name': 'Lemaitre, Guillaume', 'affiliation': 'Inria, Saclay, France', 'orcid': '0000-0002-0897-6791'}, {'name': 'Wang, Hao-Ting', 'affiliation': 'Montréal Geriatrics Institute (CRIUGM), Montréal, Canada', 'orcid': '0000-0003-4078-2038'}, {'name': 'Aggarwal, Himanshu', 'affiliation': 'Inria, Saclay, France', 'orcid': '0000-0003-2451-0470'}, {'name': 'Abenes, Ian', 'affiliation': None, 'orcid': '0000-0002-7625-1557'}, {'name': 'Vogel, Jake', 'affiliation': 'Department of Clinical Sciences, SciLifeLab, Lund University, Lund, Sweden'}, {'name': 'Margeta, Jan', 'affiliation': 'KardioMe, Nova Dubnica, Slovakia', 'orcid': '0000-0003-4882-0502'}, {'name': 'Grobler, Jaques', 'affiliation': 'Anyline GmbH, Vienna, Austria'}, {'name': 'Gors, Jason', 'affiliation': 'Insight Data Science, Mountain View, California, USA'}, {'name': 'Rasero, Javier', 'affiliation': 'School of Data Science, University of Virginia, Viginia, USA', 'orcid': '0000-0003-1661-2856'}, {'name': 'Kossaifi, Jean', 'affiliation': 'Imperial College London, London, UK'}, {'name': 'King, Jean-Rémi', 'affiliation': 'Meta AI, CNRS, Paris'}, {'name': 'Dalenberg, Jelle Roelof', 'affiliation': 'University Medical Center Groningen, Groningen, The Netherlands', 'orcid': '0000-0001-8580-5358'}, {'name': 'Lefort-Besnard, Jeremy', 'affiliation': 'Inria Rennes, France'}, {'name': 'Dockes, Jerome', 'affiliation': 'Origami lab, McGill University, Montréal, Canada'}, {'name': 'Chevalier, Jerome-Alexis', 'affiliation': 'Emerton Data', 'orcid': '0000-0003-1959-3056'}, {'name': 'Wiesner, Johannes', 'affiliation': 'Central Institute of Mental Health, Mannheim, Germany', 'orcid': '0000-0001-7040-3516'}, {'name': 'Gorrono, Jon Haitz Legarreta', 'affiliation': ""Brigham and Women's Hospital, Mass General Brigham/Harvard Medical School, Boston, Massachusetts, USA""}, {'name': 'Sassenhagen, Jona', 'affiliation': None}, {'name': 'Huguet, Jordi', 'affiliation': 'BarcelonaBeta Brain Research Center', 'orcid': '0000-0001-8420-4833'}, {'name': 'Teves, Joshua', 'affiliation': None}, {'name': 'Huntenburg, Julia', 'affiliation': 'International Brain Laboratory, Berlin, Germany', 'orcid': '0000-0003-0579-9811'}, {'name': 'Peraza, Julio A', 'affiliation': 'Florida International University, Miami, Florida, USA', 'orcid': '0000-0003-3816-5903'}, {'name': 'Daddy, Kamalakar Reddy', 'affiliation': None}, {'name': 'Sitek, Kevin', 'affiliation': 'Northwestern University, Evanston, Ilinois , USA', 'orcid': '0000-0002-2172-5786'}, {'name': 'Helwegen, Koen', 'affiliation': 'Dutch Connectome Lab, VU, Amsterdam, The Netherlands', 'orcid': '0000-0002-1247-6626'}, {'name': 'Wagstyl, Konrad', 'affiliation': None, 'orcid': '0000-0003-3439-5808'}, {'name': 'Shmelkov, Konstantin', 'affiliation': None}, {'name': 'Chawla, Kshitij', 'affiliation': 'Duke University Health System, USA', 'orcid': '0000-0002-7517-6321'}, {'name': 'CHEN, Kun', 'affiliation': 'University of Macau, Macau, China', 'orcid': '0000-0002-9138-3195'}, {'name': 'Sasse, Leonard', 'affiliation': None, 'orcid': '0000-0002-2400-3404'}, {'name': 'Estève, Loic', 'affiliation': None}, {'name': 'Tetrel, Loic', 'affiliation': None}, {'name': 'Paz, Luz', 'affiliation': None}, {'name': 'Pietrantoni, Manon', 'affiliation': None}, {'name': 'Perez-Guevara, Martin', 'affiliation': 'Criteo, France'}, {'name': 'Wegrzyn, Martin', 'affiliation': 'Bielefeld University, Bielefeld, Germany'}, {'name': 'Goncalves, Mathias', 'affiliation': 'Stanford University, Stanford, California, USA', 'orcid': '0000-0002-7252-7771'}, {'name': 'Dugré, Mathieu', 'affiliation': 'Concordia University, Montréal, Canada', 'orcid': '0000-0003-2828-6031'}, {'name': 'Ekman, Matthias', 'affiliation': 'Donders Institute, Nijmegen, The Netherlands', 'orcid': '0000-0003-1254-1392'}, {'name': 'Joulot, Matthieu', 'affiliation': 'Aramis, Paris Brain Institute, Paris, France'}, {'name': 'Sitter, Maximilian Cosmo', 'affiliation': None}, {'name': 'Rahim, Mehdi', 'affiliation': 'Air Liquide, France'}, {'name': 'Zwally, Mia', 'affiliation': 'DSST, National Institute of Mental Health, USA'}, {'name': 'Eickenberg, Michael', 'affiliation': 'Flatiron Institute, New-York, New-York, USA'}, {'name': 'Hanke, Michael', 'affiliation': 'Psychoinformatics, Forschungszentrum Jülich GmbH, Jülich, Germany', 'orcid': '0000-0001-6398-6370'}, {'name': 'Notter, Michael', 'affiliation': 'ams OSRAM, Martigny, Lausanne, Switzerland', 'orcid': '0000-0002-5866-047X'}, {'name': 'Waskom, Michael', 'affiliation': 'Flatiron health, New York, USA'}, {'name': 'Wang, Michelle', 'affiliation': 'Origami lab, McGill University, Montréal, Canada'}, {'name': 'Torabi, Mohammad', 'affiliation': 'Origami lab, McGill University, Montréal, Canada', 'orcid': '0000-0002-4429-8481'}, {'name': 'Boos, Moritz', 'affiliation': None}, {'name': 'Song, Myeong Seop', 'affiliation': None}, {'name': 'Clarke, Natasha', 'affiliation': '@SIMEXP, Montréal, Canada'}, {'name': 'Shah, Neelay', 'affiliation': 'Max Planck Institute for Intelligent Systems, Germany'}, {'name': 'Gensollen, Nicolas', 'affiliation': 'Inria, Paris, France', 'orcid': '0000-0001-7199-9753'}, {'name': 'Krish, Nikhil', 'affiliation': 'University of Texas, Austin'}, {'name': 'Warrington, Oliver', 'affiliation': 'Wellcome Centre for Human Neuroimaging, UCL, London, UK', 'orcid': '0000-0002-3592-7071'}, {'name': 'Esteban, Oscar', 'affiliation': 'Centre Hospitalier Universitaire Vaudoise, Lausanne, Switzerland', 'orcid': '0000-0001-8435-6191'}, {'name': 'Sadil, Patrick', 'affiliation': 'Department of Biostatistics, Johns Hopkins Bloomberg School of Public Health, USA', 'orcid': '0000-0003-4141-1343'}, {'name': 'Bogdan, Paul', 'affiliation': None}, {'name': 'Reiners, Paul', 'affiliation': 'Masonic Institute for the Developing Brain, University of Minnesota, USA', 'orcid': '0000-0002-6167-5007'}, {'name': 'Sanz-Leon, Paula', 'affiliation': 'Medical Research Institute, Brisbane, Australia', 'orcid': '0000-0002-1545-6380'}, {'name': 'Herholz, Peer', 'affiliation': 'Origami lab, McGill University, Montréal, Canada', 'orcid': '0000-0002-9840-6257'}, {'name': 'Gervais, Philippe', 'affiliation': 'Zurich, Switzerland'}, {'name': 'Bellec, Pierre', 'affiliation': 'Psychology Department, University of Montréal, Montréal, Canada', 'orcid': '0000-0002-9111-0699'}, {'name': 'Glaser, Pierre', 'affiliation': 'Gatsby Computational Neuroscience Unit, University College London, London, UK'}, {'name': 'Quirion, Pierre-Olivier', 'affiliation': 'Canadian Center for Computational Genomics / Calcul, Québec, Canada', 'orcid': '0000-0003-2270-0000'}, {'name': 'Raamana, Pradeep Reddy', 'affiliation': 'University of Pittsburgh, Pittsburgh, PA, USA', 'orcid': '0000-0003-4662-0558'}, {'name': 'Brito, Rahul', 'affiliation': None}, {'name': 'Meudec, Raphael', 'affiliation': 'Inria, Saclay, France'}, {'name': 'Luke, Robert', 'affiliation': '@agencyenterprise, Melbourne, Australia', 'orcid': '0000-0002-4930-8351'}, {'name': 'Williamson, Robert', 'affiliation': None}, {'name': 'Guidotti, Roberto', 'affiliation': 'University ""G. D\'Annunzio"" Chieti-Pescara, San Benedetto del Tronto, Italy'}, {'name': 'Phlypo, Ronald', 'affiliation': 'Lyon area, France'}, {'name': 'Hammonds, Ryan', 'affiliation': 'UC San Diego, San Diego, California, USA'}, {'name': 'Gau, Rémi', 'affiliation': 'Origami lab, McGill University, Montréal, Canada', 'orcid': '0000-0002-1535-9767'}, {'name': 'Patalasingh, Sachin', 'affiliation': None}, {'name': 'Hahn, Sage', 'affiliation': 'deephealth', 'orcid': '0000-0003-3560-2952'}, {'name': 'Bougacha, Salma', 'affiliation': None}, {'name': 'Johnson, Sam Buck', 'affiliation': None}, {'name': 'Jawhar, Sami', 'affiliation': None, 'orcid': '0000-0002-9914-2193'}, {'name': 'Steinkamp, Simon', 'affiliation': 'Danish Research Centre for Magnetic Resonance, Copenhagen University Hospital Amager & Hvidovre, Copenhagen, Denmark.', 'orcid': '0000-0002-6437-0700'}, {'name': 'Singh, Sourav', 'affiliation': None}, {'name': 'Meisler, Steven', 'affiliation': 'Harvard-MIT Division of Health Sciences and Technology, Cambridge, Massachusetts, USA', 'orcid': '0000-0002-8888-1572'}, {'name': 'Pokharel, Suramya', 'affiliation': 'Tribhuvan University, Kathmandu, Nepal'}, {'name': 'Lan, Sylvain', 'affiliation': None}, {'name': 'Takerkart, Sylvain', 'affiliation': 'CNRS, Institut des Neurosciences de la Timone, Marseille, France', 'orcid': '0000-0001-8410-0962'}, {'name': 'Gezici, Tamer', 'affiliation': 'Bilkent University'}, {'name': 'Samanta, Tarun', 'affiliation': 'Acharya Prafulla Chandra College', 'orcid': '0000-0003-1630-8993'}, {'name': 'Salo, Taylor', 'affiliation': 'Lifespan Informatics & Neuroimaging Center, University of Pennsylvania, USA', 'orcid': '0000-0001-9813-3167'}, {'name': 'Bazeille, Thomas', 'affiliation': 'Inria, Saclay, France', 'orcid': '0000-0001-5377-9108'}, {'name': 'Vanasse, Tom', 'affiliation': 'Wisconsin Institute for Sleep and Consciousness, USA', 'orcid': '0000-0003-4672-0049'}, {'name': 'Diogo, Vasco', 'affiliation': None}, {'name': 'Michel, Vincent', 'affiliation': 'https://www.logilab.fr/'}, {'name': 'Fritsch, Virgile', 'affiliation': 'Inria, Saclay, France'}, {'name': 'Halchenko, Yaroslav', 'affiliation': 'Dartmouth College, PBS, Hanover, New Hampshire, USA', 'orcid': '0000-0003-3456-2493'}, {'name': 'Mzayek, Yasmin', 'affiliation': 'Inria, Saclay, France', 'orcid': '0000-0003-2904-2530'}, {'name': 'Baratz, Zvi', 'affiliation': 'Tel-Aviv University, Israel', 'orcid': '0000-0001-7159-1387'}, {'name': 'Nájera, Óscar', 'affiliation': 'Checkmk'}]"
10.5281/zenodo.5598010,"[{'name': 'Eriksson, Oliver', 'affiliation': 'University of Mannheim'}]"
10.5281/zenodo.2672882,"[{'name': 'Foroughi, Amir', 'affiliation': 'University of Mannheim'}, {'name': 'Boysen, Nils', 'affiliation': None}, {'name': 'Emde, Simon', 'affiliation': 'TU Darmstadt'}, {'name': 'Schneider, Michael', 'affiliation': None}]"
10.5281/zenodo.259352,"[{'name': 'Ivan Marevic', 'affiliation': 'Heidelberg University'}, {'name': 'Nina R. Arnold', 'affiliation': 'University of Mannheim'}, {'name': 'Jan Rummel', 'affiliation': 'Heidelberg University'}]"
10.5281/zenodo.10829905,"[{'name': '₸ornike', 'affiliation': 'University of Mannheim'}, {'name': 'YSKartal', 'affiliation': None}, {'name': 'Philipp Mayr', 'affiliation': 'GESIS -- Leibniz Institute for the Social Sciences'}]"
